id,label
aadawlxbmapqrblgxyzarhjasgiobu.png,0.009386697
abpxvdfyhaaohzcrngcucmhffwizxs.jpg,0.0005396704
aclkjfvackiieiznzfcwienplielrj.jpg,0.9999484
aelkivmayxgsdjosiibfgmkvfrjvjk.jpg,0.99932086
aelzzshpfxerelefnkatpczktuxjln.jpg,0.0051852884
ajnjnkvstqesvfohaptobyasrkmcnq.jpg,8.057281e-08
akkydnvilgvzigllmboonbqbbioocs.jpg,0.99999917
akvjfjhgayyjwrqrczjbeyoqhhajis.jpg,0.00011495925
alcveyvosnywyjbmngolmnblftdoje.jpg,3.1402903e-06
alfuzzlrjkdrrzauiswqnuvpvzfluc.jpg,0.9999218
aljnaycepveqbedxhsklixyjodpcho.jpg,3.171702e-05
amvorhijzrsihdqvyddkamjdyuahqm.jpg,6.568265e-06
autvannlbggmjsuhqbnnffyhrnyyhp.jpg,0.9999858
aveecvuafgubjfweqsfyomjgyazdxs.jpg,0.99994946
ayqcgikqwwnikkwdufxnxhfixdpelp.jpg,0.99984443
bakmhsflobtjjwilhsiqynhmnrjjnq.jpg,7.012509e-05
bbolakporoaeojpqandvajgrojnkaj.jpg,0.23474972
bcqfficwazmpxairlfnchvusputshk.jpg,1.0
bctvvfysokpohqxzngbuuaugtgtkov.jpg,5.095087e-05
bfjrheksmajsxlorqmwtpwjonzkyiv.jpg,0.99999905
bhczfsgehqldydadvfldnunftxzfdv.jpg,1.7209619e-05
bihlsygajgvqsywzkpfbmupevnuoqh.jpg,1.870456e-05
bivegebpyjsmiaylkruufjevjxqydc.jpg,0.9999999
bjlwcuatbrxhdxocieancqgdlgqnma.jpg,0.0010205732
bkhjxlxizjiychukanlstfpcodlubc.jpg,1.2654549e-05
blgzlxqgcpxulfwfywadwbbeptqcol.jpg,0.9999546
blmgakpsirdrdnimkjwdnbusgactzx.jpg,1.0
bophtvssbpnmzkxfxuvupbriwazlcz.jpg,7.2699095e-06
botfdlboeryhmfxctjvzbqriqyonuv.jpg,0.9996111
bqjjodotjhmmchkiityjpmglknkzdq.jpg,0.9999596
bqudlucapxfguiydzopfdvuasiwscs.jpg,3.3454203e-06
broomszdrrefxhmthsxwurzfuutkft.jpeg,0.00020079805
bucfsqoezlveinjzzyyfiianjzrklf.jpg,0.9999933
bvrbztwngoiduyhlrnxnybuqamwdjq.jpg,0.992137
bynakhmyescxfghpzliqaaewgtlhas.jpg,0.9978556
bzdueelveubapkgmqbhzrerdmvbqtz.jpg,7.981299e-06
ccliaukfdmqskirlsqaemkdtziyhos.jpg,5.5389162e-05
cdugozukojbkpzksazbxqxnpxnoxts.jpg,0.9999982
cdxocpqismtjtcoiqncmocnyhqipeq.jpg,2.0861646e-06
cemwpmilmtzyyvpoxxflruiyubdzvc.jpg,0.9989968
cetwookalphtxhtbwgcpzfjpmasfic.png,0.66405237
cgnarbagkiqkuvnbgidtpbpzlxxzzc.jpg,0.99957174
cjbutauggylhztvnyutbozyfqaealv.jpg,0.00022513946
clcluoyktakfjgcjyjgbbrhaxjkanl.jpg,0.010913831
clibkrbidguqcugbkymxqioqwolsvv.jpg,0.99986064
csaamuupuegbgkdvhihaucddwkvgcg.jpg,4.6911774e-10
csrqrzoyceubuehyicuwjisnsvyfuk.jpg,0.9998018
cxnmwtwjlhvwljnwzdyucnlrkwmzva.jpg,0.98427564
cxtbkqwdjxgxlieyzzfokybmrynvzt.jpg,0.99997807
cynaerknbrqzwlssknbvxqoffjfmqa.jpg,2.3903442e-06
cytfwnqddgfmwopldwoyzfgvdshchj.jpg,2.336108e-06
czfaqpiyukmerduehjkdrhkhtqxbia.jpg,0.9998293
dbuvujopjxofqfcsxghgeruyrhqamf.jpg,0.9997507
ddmvffnxrrqoftjquegcfyynvbpioe.jpg,0.8387675
dfbqqsvocxgkdljrvnnztyvaexmxgp.jpg,0.9996117
dgzjgjduiwcejpltzhhsdrsfrfwbhm.jpg,0.00022241953
dhcyrecupnqhsmwidgcgghdvkmlsfi.jpg,7.133393e-05
dhxbbarhojjiuoacxyzdtayykriavi.jpg,0.99999964
dihlagwlolbphxxdxmfbsmaeqqqcgs.jpeg,1.3017105e-05
djdsobvkfuoagxivxpraiusgzjozds.jpg,0.9999999
dlaaovaxfeqezvculovoovlyakhlgd.jpg,1.0678373e-06
dnzsxkpbmmtytvrlklmnbprbcwysix.jpg,2.764477e-07
dobrsakjzqfkkwbuvhfpxgjynstyjd.jpg,0.01029509
dpnnhtmzinfjwzxeihghlsaugrseso.jpg,0.9999949
dshtrcyfhcxdnmqcpqaachrxbmraqm.png,0.023112746
dthpinelztapoyhclbpyyxijcqcsyv.jpg,0.99986136
duythftfcibydcrmobngveppsbczuq.jpg,0.9999925
dveocsyrdwmmokqvzmherympxsnhjg.jpg,0.99613273
dxkxrtwzulytuhegnxjznhxxsqdvjt.jpg,0.9981633
dyintomnapqkperdaokbxbsyrgiadi.jpg,0.99999404
dyjtodxzlakemnjmxwcvxezykwmvoo.jpg,0.0005837181
egmlopponygomfuzzhzoextlxzgkmo.jpg,0.00020372747
ejmhvjdcgulaxvqqwyuwabbwqjievn.jpg,0.9999795
ejwoiledjlwunsjpnuquukzkjhalov.jpg,7.779904e-06
elajrsvrogkgcerlrfjvwgzqdzjumg.jpg,5.1523344e-08
eoeatxoppisxmubbwmpnabjbezizgx.jpg,0.9999788
eofsqiwaevaeqkxjdayeeyzhliteho.jpg,0.0027520496
eowgxpfwjhfpfvoytzlejmtyxegcfx.jpg,2.7323342e-05
epicmexrbnzcoykteovumnjlpeeejh.jpg,0.9999361
eqhyxymtcmsvgesckcrjowyebhnohw.jpg,3.330633e-09
eqycjhiuvqojearvldxihxvmrajwtc.jpg,0.0015936124
ethbvskgnyzyuirqytshhzvyzbqjxv.jpg,0.9999989
eusetdoazbgklyqcezwcacrokjcufo.jpg,0.9997539
ewrlffkoseneqgraxwhomtlwxiwekb.jpg,0.036471758
eyavyurhmycfumwdjnvvxenleadrcl.jpg,0.00019113583
ezmnotqwlrngiwgnwbaheeoueyxvny.jpg,0.0018721616
fefhbwjojkixcapyhinlmsqvjyhjmk.jpg,3.8251924e-06
fhggkjdcfrlbgjgdohqetzvtzvzwox.jpg,0.00894464
fhhipzleexntfxjqfztvtikwqlylfz.jpg,8.449171e-05
fmkdsmhmklnzkownqsschpnomjedlx.jpg,0.9999969
fnefuqqsicuqfsymibosjdjwawrmvq.jpg,0.9999511
fnkfsdjmdihrmynpqxmnrwzxessrdc.jpg,0.9999839
frpsiqoutwcdsluictnefqjbnhaojr.jpg,0.17549205
ftcupseqywfpqtfftqilalhmaanpcv.jpg,3.8900687e-08
fuldxhllmyyhygdvrczspchtlwifqm.jpg,0.00054926553
fvitugrhbmzimhnlanfwqhnmtovgob.jpg,0.9497444
fvlynglrxqdpvnhnaojggecbomqvbr.jpg,9.077279e-05
fvmrktruwpyzblmwwnubraikddamol.jpg,8.035606e-05
fvvzssylplidrbhtvshkkfflzatqsd.jpg,0.9999349
fvyderokisqwuoqwuaoadkkvtfoeya.jpg,2.313182e-05
fwjhmiqtdoufzyyzkjzxrhzdwkcedo.jpg,0.00015502716
fxrmuuyabdjwnsveyuijcliwmywezh.jpg,0.995862
gadijdxgeinztdiaolvtceypzbvlam.jpg,1.1020678e-09
gbdwbyuafezgszupikmwrdivflidna.jpg,2.6859416e-06
gbfvanqxwaqvwzxuqegqaompgvsamm.jpg,3.6989222e-06
gdkceqpjaozdsbfuaapadetsdgsoyz.jpg,0.99942577
gdwbhsehebmpgcfbndlibiccryfxid.jpg,0.99999905
geadhikvjfcvvrtszjsxqnevbdvstr.jpg,0.99999356
geaxljqcgthkjujpgjqtinitobfjqe.jpg,0.9999969
geszfskhujvpyziumhlqpgptmpajtt.jpg,1.3421885e-06
gexghbuikqpefswrouipqfgvkzdkzv.jpg,0.002469195
gftflwiwqrswxrpccfpkhdftoajcws.jpg,2.3785788e-05
ggqkntfyrhgeizstqrxlhhpwvjykbl.jpg,0.999969
gjppsnmwvegpfaotczwscojavigasa.jpg,1.1319997e-05
gkxlqxmuohjzxzweewniylzaxuqiit.jpg,1.2470628e-05
glnkqsehtsemwxgfcabdouxnguoope.jpg,1.8145292e-06
glpbrbtkrussrnfolvxynzjdfkvbin.jpg,0.9997973
gmocqhzokvhyrkohiraxixdbmcscjq.jpg,0.0003404082
goxowiqsuthbriuqxiespbmeegqkvf.jpg,0.99991775
gppgpyeceknjakxhnvcgivtzqkexdt.jpg,0.9886198
gqbziiohphcmauvpfwlcpyxqqapghh.jpg,0.16881755
gqyjkyvhkkgfldgfvrkwvogjnganlj.jpg,0.5551806
greuliaymizfmfvngfqmrbzayusphp.jpg,5.0181658e-05
griokgoxjwgbtlffxnqnoefynizroa.jpg,2.8854108e-08
gsphpflowsxvbzmqoehtwimxigmexc.jpg,0.07205082
gtydqhzuwwcebasjexbrajitsqhnfh.jpg,0.00013467789
gvykagbusbpbuzcvkftzaatczcevwk.png,0.99983704
gvzjodvhueivloxnomfhmpmcdbzvap.jpeg,0.0002478307
gzmiyxrvuprhvkmnckztiadtirmwrj.jpg,0.8528262
haghwzucuaiwbeuerzxnrnflkytyqu.jpg,5.007076e-05
hddqpruzeyfpuemmkrvajzewjauqbg.jpg,4.9020433e-05
hdftlvovpcycpipsqjnfxbzuvmlnlm.jpg,0.99989605
hdmcngrvtgikfstjgrgqfotraeffgg.jpg,0.0001153705
hepwugnfdvxafszdjsdmscpcvejipp.jpg,3.6232694e-05
hhirnwzcfyhnrwbfjmhioqyosjouxm.jpg,0.0002467694
hirjzqktwfoauvblgqocpnrhksqdih.jpg,0.99999964
hkftgcijkghprpxyuknyfimzjlzpde.jpg,0.9950696
hnmbjysdtuiasvlabvnataindypuzu.jpg,5.6323446e-10
hqxkkaletsjpqenfgprderxwvvdtwx.jpg,0.0009016847
hsyezwcpciffcupbkadwtcqpxhlofh.jpg,9.758584e-06
iczzwmswptqjkzgbczxmgewfkfbfbn.jpg,1.1201131e-05
idardcfquyazdghrsrbiyujmguzxnr.jpg,1.430946e-06
idnwoyvjflsoiwvbcleokhdfgdwqng.jpg,0.012457589
ifhrlfbitalzvqnfwqnuudutpbfpdq.jpg,0.0030644974
igulitrigxyyzhhiduazzrwydlqrcv.jpg,0.00011610364
ijmzxmoihywxoariplmfexcmexsibs.jpg,0.99994445
iluwkwmnrgiouhirnkfdmhnczfxivc.jpg,0.0002646531
ilyczntkhdwwqxgayvmewwrvonzokc.jpg,0.99999964
imkumwldsvcwkjbhwglebnqtgjuaqy.jpg,0.9998733
imzjoogcbcvsgkbekgsxdfhxdlodgb.jpg,1.1990238e-05
inilzqtajpxhdbqrrrmvnhrzmevhkv.jpg,0.99999654
ioafahyushqhdpfinjvuormfkchmjf.jpg,3.2916673e-06
ioedeamftahwmovcpgigwnypdhykwz.jpg,0.0002494063
iosikwfhnhmqdvuymkrdeatakkdryd.jpg,0.44983742
iqpspkpytnrfnnxpbdgulrpmdssxvv.jpg,9.1906855e-07
itsfoylidpuiehheyisjrssydwpkjs.jpg,0.13313322
itxiomwebnkfodztausaduxyrhgfrv.jpg,0.9988451
iurkzngzsfejzqwpvcogoamriplacq.jpg,0.9867367
iuzfasnekvmbbmtqetpnmrxcyopfie.jpg,6.2933645e-09
ivhqllncotctfxttkqqvwamkdeokih.jpg,0.9964477
iwgumsxpuxzcolrrnfwkqidfknzjic.jpg,2.7119328e-05
iwrrnosiwxykcwfnzdnephwjeynjvr.jpg,0.9999831
ixbtflbbatnitjiveitztqwnjfvidt.jpg,0.016582523
ixnarcfjcjzduyghjrmbpsezuhxdeb.png,0.9999132
iyyhdzhpafxpjyvrqstdlsvnhqntqw.jpg,0.99996126
jaypieocqkwftzmbzsgrkttchyhpaa.jpg,0.9999225
jbmhymhbpiobylwbugudyfpnkmisbc.jpg,0.9998852
jcqewjmnixvdytkvwuvgywcblhvotx.jpg,0.27193734
jdiamrvlvhyxhouxlkjrdcfoqbtzlf.jpg,0.9999999
jdmorbhddqxvqofbotgldacezkmyjt.jpg,1.9345929e-07
jdtkbagujtkdseprtglztarncdxzqt.jpg,0.9994097
jelzmmcmozeaeiswvdkwcltfccanwg.jpg,0.9999993
jgvemmdihzkjgodvehrlpacstjwnbv.jpg,1.2707682e-06
jgwawiynmntnlhhwckjlqtijvnkjff.jpg,0.9996382
jhhjxctcsxlujwhoprnevvfprddnjs.jpg,4.6553673e-08
jhvehfryklsushrvqiyjrxtybsyxjs.jpg,4.556253e-06
jhwecyoxnwdqysddxcjogbvlhjxrfm.jpg,1.1522116e-06
jiorwmlthejgwwbnshbuevjaunqbku.jpg,0.06231473
jiuvimokosuqcqgxsjrpepfrxnudvl.jpg,0.0026556312
jjqgfnkunxqxwlrjxgakwcukfoavym.jpg,0.99994695
jkutvlbzwibdltuythhqtweqazglok.jpg,0.0059073293
jnsjofyggzkakdsxxmptabbiksbuty.jpg,0.99998856
jnzcxqykfzbkbbgyscanfvxeqyruzh.jpg,9.539517e-07
jqgkxlfpzrktkyilfyuhhdyfsycanf.jpg,9.415042e-06
jqueszoqlgzwqzksmzanznuieydnyy.jpg,0.99999774
jsrbntbtdheogzmdzhatavcmmarvgl.jpg,0.99985385
jvcaprbropasegknsisprgwgitcrpi.jpg,0.9999522
jvpejwtddpkhiqhcikzoaojczgdwfz.jpg,0.9999963
jwdjkvvfvggphwhqatmbkjjlzdienf.jpg,1.1870012e-06
jxtfudtgjrjafphvpcpyzvbjzkedlt.jpg,0.99984205
kajnfbinymxwelbpykfzurocazkajm.jpg,5.8432886e-07
kcnlgwxftlpioadzfmayiitkbnkpfq.jpg,0.999263
kduwskepxdwxdgfzkgnfnformtkgzg.jpg,0.99990773
kebxzepgnybcvtvjqohjaclvvsqjgo.jpg,0.99998677
kfkptevnxrhoofzewofglxzxgvkdcg.jpg,0.99955064
khvoycguuitlcpjxdflbkdgyzaoexh.jpg,2.4926712e-07
kigglxwgyxssmujauixjszahnjctrd.jpg,1.149014e-06
kjdbifjcnzclwxadgtmgafbcylljhm.jpg,0.0010376322
kkgjefxvtjfypjsjgyhshrutwhgdml.jpg,0.98671037
klkerkiflmmwcuzjqqkvhbrazosuzb.jpg,0.9986066
kmxjicdqvpfpvrhqukkpumdscvgnob.jpg,9.343861e-05
krnwchletlzkiqqzgvdfhwgcweukol.jpg,8.61824e-06
ktfusajinfwbuflriajdptixqssvun.jpg,0.99933785
ktmunasppplitpubmrdjbiqyuaibnd.jpg,1.0968803e-05
kugkqjdlyxywogtbietnbvcmpjllwx.jpg,4.656978e-05
kujdzaccxtihhcwwvsnuublztrnzie.jpg,3.4493698e-07
kvyzgviirzidxoawqeshlagmfmaqha.jpg,6.567123e-05
kwufgmdpyknfvezeytoywortrtkcha.jpg,0.00056116685
kxcrhxbyxvhqnwqwqoqmaafwikuegm.jpg,0.999992
laaqrylcpzmanpcdilwteiuhetchzt.jpg,0.9998142
lazlpqdyqxvdtgtfuwkcplrmtcoeoq.jpg,1.0
lbvuqszvcwajhzclogpiprfgxiswpr.jpg,0.99971753
lckpbjorlzqrhcccowfsaltairdvtd.png,0.9995266
lctzakuojllwuturyhbsoyexhyrhfb.jpg,2.1883353e-07
leibivudzejijilbzmjwyqcgnolcbb.jpg,0.9907058
lhiwujhlwspbbgqydwewaioirumkri.jpg,0.99993825
lhrglduisvdlcgjiofvkkhvdcuaenj.jpg,0.0028510464
lihqabxpdhfuuctwreixqcwwmjdvkg.jpg,0.00039743507
lkzjcblzskcxgdzssgiasoddrrtouf.jpg,0.00036611507
llecnksnwfhbpbcjzzijseaoxblcbo.jpg,0.3431306
lmdcsyqhjxxvdfzakuhxxmcrwmqkjj.jpg,1.5187131e-05
lmrbtgixyoyrpexyiydyqjsexswuxr.jpg,0.9999261
lnulwsjdqnzkuyyaffwimadgavuwan.jpg,8.9060836e-07
louklilbbrpqodurfzvvejxglgocwi.jpg,0.999064
loyubqchniltkypeilmzrmwjnvjeiq.jpg,0.99983144
lpozqsannlntslamuxvcfpbjttiihl.jpg,3.4783578e-09
lpxbhrpimmbsyeufegmxiuobcblwen.jpg,0.9999987
lqfnxaohuxlvexjgebyyoyvcpvfzte.jpg,3.2523687e-05
lsdynvygkfyqehlpwbqammadxmsctv.jpg,0.00018821564
ltuibmgnhtgsfugypuufvwrqprxtfk.jpg,0.99989104
lucoklnkqcjyrxyvbgnarqspgcwrku.jpg,0.6117939
lwhltrzhopzxcxkmjnepvkfkuocyyf.jpg,0.9999989
lxxlzvrdieuyvfkeshxuisxgormmyq.png,0.9992168
lyousdaviagybwamxfwdjpjfevopkf.jpeg,1.190284e-06
lzjxvwtdrrtwjceqgmucfpngihgdxm.jpg,1.509482e-05
lzvnzvftxmsgfnxqriwbranxlyjumy.jpg,4.011553e-09
mawbecdfltccgqymuosaxqmntvllvm.jpg,6.539008e-05
mbekjxyxdchvessngkvjexxfyqdrvv.jpg,1.6950704e-06
mdwgptlsdcgkglflwsqseheibugref.jpg,5.539138e-05
meqeaivcxrtyjjlaaysnjeytrmpqmg.jpg,0.99987984
mfkvaqtdkxcsozmtzpeavslszhkbvv.jpg,0.014597139
mhkqlunhxjqrrnpjvwfklbzvwtrhch.jpg,6.621216e-09
micftikbkvjlfcuknzwfbjpjdhioxe.jpeg,1.8694076e-05
mlkbwnogazpkcxpcdaluzexzhvbsbr.jpg,3.9883324e-07
mragkclknhcnqosdkuvchpjdrjofso.jpg,0.9999994
mrytehdxapzyymznjhvbvkhutalisi.jpg,0.99928087
mryzptvsvgrisoimspvdugeepobqkk.jpg,1.5308585e-08
mthrpqxgvwfdlksknvymngogpppnhp.jpg,0.0031876583
mtjmylupexliggdaqvuamtttjbizro.jpg,0.003711078
mtkmqoxjnmplockjwdilejfsrxcbvy.jpg,3.912399e-08
mtqtvazpnlsfwlreocalqffwosonni.jpg,0.99764997
myruvkfrzwvlkxajpvfhdulbdsqucc.jpg,2.818345e-06
mzaawjyklcynlmsxhziexrqskewnsl.jpg,2.8728198e-07
mzvlhczvlelzrkrgyelzjcjtcssgpq.jpg,0.9998882
mzwwwdleaormcvlqonydhzypbhqehq.jpg,0.9998926
naxcngaxukhslcyoodkgkegydlzjnu.jpg,0.9999584
nbpkndryqyojnydlzlnfibqdhnsjzo.jpg,0.9990245
nfxhlppokdjomdwvjweudtpurlmwnx.jpg,0.9994704
nhbvrxtecdhhvyyzdjumuhxwfgsnqf.jpg,2.674443e-05
nkexoipjsbhmytzjsnvxpkqhdtqidv.jpg,0.99992895
nlhevzkzseaudpnhbawmmufkxnqyni.jpg,0.99999607
nlmpasjsptsygvnkicmsroqwepliof.jpg,0.62625957
nmorsdnxcjanqzfyfjrxbvumnyihft.jpg,0.5928288
nncgaofbnlhkcvnvhajmgrxpomzzba.jpg,0.0011255955
nnlxnagizcelrbzdeqpxyonlfardpk.jpg,0.8412197
noesixortoazgbkeukqoveyibvaxrc.jpg,0.9999356
nqhxoimohubxlnbgxulnralrtxyfwo.jpg,0.003912214
nrlywwygzrswfdbhjvdtakksrsvjgk.jpg,4.384948e-07
nrxwgfqqltfxrotfkykgknzommtzdd.jpg,0.9999994
nujqgvjxtkvnopkfyzciaziyjndntp.jpg,0.9999987
nwikmsqexytmdgyumqrfomreztdxxz.jpg,0.99968123
nxigjkucblcrgqfmwcwritnrmcjsgz.jpg,0.00032580338
nxkricypqzyjopipbggbupjyjlyhtj.jpg,0.344038
nyqzmqlebpyheacmxpeacxszlgxagk.jpg,1.0430898e-06
nzhtmzjahmnlycpchimibdygcdkcnz.jpg,0.9999932
nzpfwndzpzskokcaqmsxlqjgdyrmhe.jpg,0.0044774255
ogclzsfhvbloezgkivpedxaldtahzl.jpg,0.99999976
ohiszivnnrkglfcpkvgqobmozjgrwa.jpg,0.00023554331
olvntotfzczjpihgsmsrdshaphevzh.jpg,0.99968326
omdjxmhixkgnqsvczwkplpjivyvdbo.jpg,0.5375471
omgrzbdrlptmmwpudagcrctzvznrap.png,0.99322927
oojheezdsmrbzaxtpeapauytvovivl.jpg,8.964642e-07
opdeeeogjakgkmhchcmfcfggxpcszz.jpg,0.9999993
ornhixchukzqnrcisoodqytmeeqplp.jpg,4.737454e-05
orsoixyrasfxlkqzngwfasbadeydlh.jpg,0.99999976
orzwzwgaccsbeglnbxsitvpxcivdcm.jpg,0.95017266
osirultbdzsgmknbqrucggtqnfoljs.jpg,0.69145757
ovasoplwfuqqevywvgggocgxixnktp.jpg,0.00021682422
ovyapwxepknnprboziljwxeskjuiim.jpg,1.1924224e-06
owffonqaueruqlyakqnwwekvjaougd.jpg,0.13918194
oxtgwjovwkjybnyejaezfzqerhvpqj.jpg,0.99984825
padarkkzjbruayvwslkssxmumkrjsz.jpg,0.9999862
pbndybjpdykkiinslkpnepifijnsvd.jpg,0.999997
pcoalfrhngfbattlzqaljgpzrmdiby.jpg,0.99442273
pdcxycqzkznkqntnqsmobdhagkfazw.jpg,9.865833e-05
pdpxzumgibtauzdnqjxumygocmkunl.jpg,0.99927
pdsjckkmbslkzreqwygyjkeyehtuwy.jpg,1.5381338e-05
pektafvzybcgssvemzxjypfzsriqxx.jpg,0.99980193
pfruckaftscryoyslnzsaqjlrntcdh.jpg,0.0036149637
phbrlkorxtxgllwntzlgujplyffcdm.jpg,0.9999993
phpzhjjsvyqxouxeeaethnilycqdoz.jpg,4.5536883e-08
piswtqhtpepgcmilxfeiegdqpofqig.jpg,0.9999945
pixwzsjkuqmcdyobcgumwetegmnyfu.jpg,2.3444679e-07
pjtremwjwtxaqyzmyuhqrkszorrons.jpg,5.9378912e-05
plcaliiefkehjeqojgsaiztfbluwbx.jpg,0.9916306
plhsciipiahwdvplstefomscgwxnje.jpg,0.9976872
plvzvjasjncvrchqwqdwhuzotiofek.png,0.9999964
plyaiuqsdfyiowewiorerysaomwoum.jpg,0.99509466
pmlzympeefriiyldejvguoilrtbczx.jpg,0.9998722
pneabcoxhrbfqowczgsexzharlezae.jpg,6.250374e-08
pomnzkamhxjwtrgalmkbcevrqlijft.jpg,1.13160645e-07
powtvfvfexvzhhubxcczdvqmuwgtil.jpg,0.9999814
ppgimbjhcwxshiqofuziffffgvnnbt.jpg,0.99999964
puffqlvmnlfcwcplpgbrgkuhgkejnl.jpg,5.382459e-05
pwynnfibfpdkeeuzxjljusaieterpf.jpg,0.99373746
pxktxhdsuefrpwxtugwuvttfgmqvyz.jpg,0.9869515
pydsgdgzcvormzgjxmsqxgizigmnqq.jpg,1.25533315e-05
qaifzcezpnxsemsninrdanxnrecgxc.jpg,0.99997747
qasruetvxhqscyidfqsbztqteakyss.jpg,1.0
qcjrbqnfsvdmyjwegjlhzzzwzfdbgz.jpg,0.9998035
qcwfppwrwajqvcjtzgadczsmjjglpa.jpg,0.0003231714
qddqjbxtpsdrvjjdkzkycjbbrgpekf.jpg,0.020458408
qgseasopsvkydhuvnlfmzqbgjydsys.jpg,0.99801093
qipkjvcthoccixqxbsdcqgjtzmqvcq.jpg,0.9999703
qiqrvyhllvochhswibdzbsxcuyfcif.jpg,0.0009361402
qjkcqczswvymlnybfyqxppcwciayzz.jpg,4.5178695e-06
qlbqjvzglvxhtbjyjrfunwrurqrxox.jpg,0.9999821
qlbtwvbhuhkdoyzgfkmcfqwqjujjwh.jpg,0.0004773501
qnpphzfhyjxoutunxsukftvlauzuug.jpg,0.00018993589
qqakhuzdxoctiscdztnrzrffzgdvux.jpg,0.9677853
qsgsfxhekupbygbbjmhmgmheylbals.jpg,0.99974257
qskzbotijtjaphichunoesuwbybguk.png,0.99997795
qstbmncsmqsiwmnzgipyutolniuxjd.jpg,0.9972256
qsxfaihdktxryqxchmdrhweaubkomf.jpg,0.9976312
qubxzzlnsdvcesxfodgkfhnckwewmm.jpg,0.9995939
qvnxjxzghixyyysszioajgjiexgwzh.jpg,0.9999988
qwqvucqqtmtobwedwslipeohnrkuwr.jpg,0.0013478794
qwylrrncmfibtlszybqsofemgweggl.jpg,0.9999517
qwztxkkzraedpivehqtrdcfdcrrsse.png,0.19770512
raoltfuznhttwcfpscjepcqakdkmey.jpg,0.99999225
rbztrgnugpkdoaxagndgdjbijoqele.jpg,0.98989373
rccyeivmdwnblrlijjuyvzyxslwuhh.jpg,3.6352096e-05
rdwfgwuicmbzlnqhtyhfemjzmpyrjm.jpg,0.9997818
rfbvqxxqlifrbwhfyopkxalfmvyhfy.jpg,0.998754
rjcsevtxucgtrcxvvsblkrakusacxq.jpg,0.0026020564
rjidoxfzbxyeffhrkzguqdqksvwtpa.jpg,0.9983266
rjsayiylvpblfpjzyxwnejcevzncpm.jpg,0.9998857
rkpymadccynfoyvmiftgekkfbbbhdi.png,0.99973434
rqxlpeljjhhifqnlrywertwvzywynb.jpg,0.9193222
rrrncyqvyxkyshtdtxrtzcmltgpugh.jpg,0.9999603
rtnaqoagadatjgbczdaehqawjeuxiq.jpg,0.9999343
rwlnkupbstmcbxurjkntrubebavmjd.jpg,0.99999917
rwrhwxbhdpdvlaxkattftklqiorcpo.jpg,0.9999163
saqwjlvhyizasymcqwuumkayyalabr.jpg,0.00015087669
saxrcfliklfijsofesenfhbpipucza.jpg,5.0346503e-06
sbjiktnxorfqchvhvtresgziklndbw.jpg,0.98517066
sceudskpqcmpiutrvrjvwzrlyhusve.jpg,0.043142483
sdfklgwygtjlxmwtbggmobikmuuzaw.jpg,0.9880641
sfpwptgynidjmylpqeukgkhzqcitgm.jpg,0.99999976
shtuvrpsdcmoaooaeitmnpuckoaraa.jpg,0.107890405
sipovcjjclpnpgtcypjziplmmnzblp.jpg,0.99999833
siqobtmqebviudcxtjszqquivmzvil.jpg,0.99037874
smanxydzpnqbtgyhnkbkqslunnvvyg.jpg,4.5431042e-07
smoiczjaouyiefhoizeyarkxzwutbe.png,0.9959389
smudegzshenddkbjyxihvwjdrensex.jpeg,5.562896e-05
smwljmgvodmaektpwpvsjbgbemexkz.jpg,0.995675
snqqviwsotitwwrblhtiabhvphphqw.jpg,0.99766845
snylansyoagwhxkcenskjanfkgpigr.jpg,0.999899
sseuokumxzgersmrlhofzkzgrkozkq.png,0.93343544
ssidykbqfofxaqtorcftxaxtusuyvc.jpg,0.99992025
sslssipaijavmhtvbrixtbgwwnlshu.jpg,2.0215513e-05
suvnfydgvqcgdaxlsazlxgubymvfhj.jpg,0.98532677
svegbhuohnflowxkhjvkrifgmxextf.jpg,5.260345e-06
syjhwwdrvsqvhmkdfyfmggthjmkvzd.jpg,0.00019890205
szycncebucycdqljwiolfshxndzpcm.jpg,1.4956557e-05
tbjzvqedthirsztsnsjkfrdgroofmt.jpg,0.00014957089
tewzkpvegeenvrdteiupwxlvyjyffy.jpg,1.8371236e-05
thxqsrejgecdethcqecanudtfofcrh.jpg,0.9911396
tihnjhjilrcolmyupysvxjvqbqhvzr.jpg,4.9690458e-05
tkekamvpuqgwyxgekdpmbvarytgffk.jpg,0.9999951
tkudaszaqtrzmyypabwhwanaqqdgsn.jpg,0.9995995
tldspzpkenscsjyokedqawzuqdbjfh.jpg,7.870121e-07
tlqprwlybfxysvhrnfgnplgbqgsswu.jpg,2.5716795e-06
tmthqtrdrzwgadmsftvwpwlssemeic.jpg,2.967338e-08
tnptubiwafwpnymkaaudzcjibkzfgp.jpg,6.337292e-05
tnvtseaxgaeuxslabsyczpucoervej.jpg,0.9929969
tosutnsfkotuhlqcxkyartdjribecy.jpg,0.0023824153
tqpfjhcqdnetwghsusmzymjepbdnds.jpg,5.0125465e-07
tqtohrbvnjhvqqpkcpqxihkomlzddz.jpg,8.7020726e-07
trvmaugxfpnagutconbyismxjoizzi.jpg,0.99595094
twuombcbchukiltgyoxxovvpqidulj.jpg,1.1344152e-05
txjtghyvfckkbeihbmqcamrwmhfwfr.jpg,0.9999747
tzwrmkyyhlxjrbedtztknvlrgdmnfq.jpg,0.99969137
uapjecavqzibecgdvrlwiabgymtvdt.jpg,0.99988794
ueexuzrrjzajyeojqfmglknvpzgzad.jpg,0.0016015613
uemcqcfhactlnpdguyeqawxiarukdn.jpg,0.9999939
uemcyhtssgjcecjovuzrmvkxqwmldt.jpg,0.0007726023
ufhysrqbbzlrqymeekhvxkoqeyxbyo.jpg,0.00024717464
ufjcnzoabfdevufathmxztkvmlfgmd.jpg,1.0
ujdigrxiqfjtzrjgfwpvtjsxtviztq.jpg,3.2156313e-05
umgwufightqsnhtjyfochvdnrcsccb.jpg,0.9999908
unkvelhemzsndcplwwcplvzhztcllz.jpg,0.9762599
unwndegdcmlinkjsprkshhnpomqvwd.jpg,1.5215978e-05
uoqujcamsyjwlwoztrnvutbgrhdtkx.jpg,1.9200738e-06
uqpvmjbjlwceqgltplhvdxyinayphz.jpg,0.9999969
urdgcrihebtothfemyxubtwpinualu.jpg,0.99999547
urfpnxaaxslypipkziqixilgvtitse.jpg,5.6134063e-06
usdqhnysmqfjitrxqnfxkureaphlsa.jpg,9.659193e-05
utjaezxnmbadaiqjqgkmdmfdzqozqr.jpg,5.4965698e-05
utqrcmliuqbblbxeacpcofcsxvhzgz.jpeg,0.0069929957
uuapkpltdjmnmxgttzdtgoewvtdmkf.jpg,0.00044748752
uvxtmvpwvucdhkyfjuqzrnxxgecptf.jpg,0.9999267
uxxhcjkukexpxutwqbvdjpgurqmwli.jpg,1.0
uyoqejdoxyisbuqsbwjwaecqutvtwg.jpg,0.9999995
uzfesehhvhqxuziizqgipuqbvjkarm.jpg,0.99991405
vdntoytydbayclzrqpfguwpzhplhvj.jpg,0.8734137
versewmzeguanbftslpjlyrupgqobt.jpg,0.000108284636
vhwotvbcqepkhmhuhqvbdvahsixptb.jpg,0.00010500276
vivqwqshafxumvxojbcouebhpjitvw.jpg,0.99998677
vlpwwjhopipwypxltcstohkkjgudbv.jpg,0.06397531
vluqtgdfiywtuveucboijzbanifapn.jpg,0.9999975
vlxbaplwagipvtfkcjbzapysqmffld.jpg,0.9999999
volxwqaiygijoxnemgujucdvaxcmla.jpg,0.99911064
vvbpnstpnzspemzfccnfftwnsyfosx.jpg,0.0006014334
vwnowxqsikzzgaupttmtfffkbprphp.jpg,5.29283e-07
vwqrhobzdutxipuwgssuzjbhxumbod.jpg,0.9690926
vzqbztrjuoyuzfygogzutjfvnppmpi.jpg,0.9996537
vzygdcxwtgrkwsimilpsbttbchwjey.jpg,0.99998546
wbbujdiznmyiiqjwpjymtypyswyumo.jpg,1.2353951e-05
wbctqgrcgqwhbywsikdklrtbmrplim.jpg,0.9993206
wbfrwkddjwawzxnikfrpffjxtowjhv.jpg,1.7342227e-05
wcjujbvemumhadmwcgkgwahqmrhoif.jpg,6.930618e-06
wcnsyehazqxgakcdbtyehtkwoiwppj.jpg,0.98521465
wcydlpgrwjmptowavcltpotjbgvxhb.jpg,9.620933e-05
wdlioyaloeejrcvmjpixqoczoesuns.jpg,0.00010283289
weipwizxckxeagywuilohlxktcrypk.jpg,0.9995448
weubnhdcwsklnxmbaoetvbzfistxwg.jpg,0.9996636
wflunumlnfgrpwisuymmudqnjobspo.jpg,0.99998844
wgkzydvcyrnzspiukwtrbmwptujyoo.jpg,0.838031
wiovvusmzmxindaealykgesxwwleql.jpg,0.9850808
wischoicbrogjyfnhdycphsaneiuwm.jpg,0.0027519423
wkvfouqvychfqwsmjnhkraowobkxgy.jpg,1.1948358e-05
wleebloflbfqkneclgoekidfidccim.jpg,2.4521698e-05
wljliaaphisemiemsxielexjlkirlv.jpg,0.1774821
wnwkpbivybsvhesdkadymsqmqopfuy.jpg,0.9954146
woazdfgnjkbxcskuamebaxedxhpszi.jpg,1.8002678e-06
woobvdyoeohahdgjtajoywfsxmtijg.jpg,3.3894194e-06
wooltgxaythwvbtdoruodwvmvbrpfg.jpg,3.7559857e-07
woulzzpagnqwxegofpdnsxbytvjdki.jpg,0.0021035823
wpiddqgustjsgnzcdoykwhecjmfsbo.jpg,1.0
wpsmdmlakitjsnypxeecpajkecrgqw.jpg,0.0015875886
wpujnxoeirxcyjiiezydfkaxksrdwg.jpg,0.9999802
wqzkxqasodsnxcugavcqsuqmdwqfoa.png,0.99956757
wrtiyoywiyiawtrnbizxykeqjoesmb.jpg,0.99998486
wtcbodbqepiirrtgpzclqipkojxodr.jpg,0.017935485
wwgnzvefvkhqgcvgzvucdwslmhqdfl.jpg,5.093324e-05
wwibybtbnrvydizirztvgsbuulpouw.jpg,0.00021975003
wzdhiyzvbjlpatadxltwukvizlkpfi.jpg,2.0536127e-05
xaufwjptvdpofxbuefzpcbjdgurmov.jpg,0.99967945
xbuuveyzfnrozevdlhayiqncadyiof.jpg,0.99999976
xemgrytlfzpwpxlpoyklejnqclztru.jpg,0.9995882
xfnuyuiibfvnhcxneinujhzmxyffdn.jpg,0.9998988
xgfrghdwyumnzdvxsuzlehyruvkita.png,0.958901
xjngjjhzpyhxmstueplojbqreasnes.jpg,0.99998784
xkdueyinwrnlyioamfbqqymynyyjow.jpg,5.372099e-07
xklxzfuxkxgykpuhuzzaldbdjhcydx.jpg,0.006898367
xkoqrazzrpistsmscyvjarmiuwljsd.jpg,0.9999726
xnyhtjljydambkxbueqmgixbainqrw.jpg,0.9999999
xpivtvyweotwypnjfaenuhouijtwrj.jpg,3.326669e-05
xqhpwicnsoejqslgrlwvntqhqdrjjt.jpg,0.0001836087
xurcoxcuznkvnyjhrqrtjfnrqqtlby.jpg,1.1128218e-05
xxirvsjxpsdmicscgrmpcczbnrtoek.jpg,9.6663796e-05
xxpzhbftdvltokjuzrdiuksfeynqlu.jpg,0.9947143
xykoojgoemrcfmvdobwvlurbpoikpq.jpg,0.00010057752
xynfggwypiqaesxayyvjlqfmhsvnlo.jpg,1.7069944e-05
xzcvpmdsnwcmeooidiemxzofsvqrvo.png,0.9999014
ycdmtgjjzxhgzblmjrujqpemeqksch.jpeg,1.0
yegdjxoapgowmbnvlrdryvaecnynya.jpg,0.9998354
yionojckwcmjxtjevsvpmjezycmilb.jpg,6.7532113e-09
yjncarmoymzspzoiuivzecdjjxnitj.jpg,0.9997186
yklgcnlafkcgjozrkuzbebbsggluus.png,1.1068503e-06
ykmaworjsfbglvakdrsbqhupjiqkhn.jpg,0.0001572021
ykngxpgtimmeszcxyntqujxyslvkrz.jpg,0.9999864
yknhljrexjerzopcvabkfobfaznbce.jpg,1.1531939e-05
ylqsaoehrinbdgkmyqobrytabqvqad.jpg,0.000126684
yncgdbcfbdpippiqjexosicvuxetik.jpg,0.9999988
yoljgngorsosxyvpmflodycbrzlojm.jpg,0.0006491669
yqhsjijloqxbrfjzbqnasiqfqyvgjq.jpg,0.005155344
ytxadvbbcvbohxmbtvnyepjzdskwli.jpg,1.8661056e-07
yurmkbqrwlidqgbgeeszgsuzzizhtv.jpg,1.89747e-05
yyvvnujfgpfcpcgwdyjfthnlycslkk.jpg,5.2554506e-06
zdfiplzlfcwkyfucjdtkskjxjdeavq.jpg,0.00014100244
zesbxhcglwjpplcmsfntcpummkbhfz.jpg,0.0485593
zgigmyufwdfgxuspzppusdfstysjfs.jpg,5.4772786e-06
zhkdanqqseexvicplcyekiwjqqlhhz.jpg,1.94444e-06
ziseknqemrbhawedjdyxevolrwumkq.jpg,0.00094015896
zjcrlegcioljqhlaowlaklxwojfpil.jpg,0.9998746
zjlngjlzjwonpqhiiztranntupvtom.jpg,0.011459643
zkmcdlytdocncvgmigqhklfvjqwrni.jpg,9.129938e-05
zkpcokomrmpbncplmxcklnvgaabmoq.jpg,0.9980716
zndfvhigsuchffrepbzdwrlhgncmtd.jpg,0.99985456
zneawovpezfvxphxdlzgpjhllyxuss.jpg,0.9999993
zodcoeblnsvtuoftjlpquidfhnbtwc.jpg,1.38666455e-05
zojvaryviuzftjfkmeazlzekvpdxri.jpg,0.00068779936
zpfhbgixcctxylnihhrepjgcmjksvf.jpg,2.225761e-06
zuignwckjykxefmpubjpjefvhghaoi.jpg,0.00080184976
zuxvwdblfwjpibjexgfglpyreqslhs.jpg,4.395794e-05
zvyajojutzgqumdjfxxkpiuuxeefyy.jpg,0.9995277
zynasgxnxnzqaallnvkthegctommtu.jpg,6.0144954e-05
